,Symbol,Series,Date,Prev Close,Open Price,High Price,Low Price,Last Price,Close Price,Average Price,Total Traded Quantity,Turnover,No. of Trades,Deliverable Qty,% Dly Qt to Traded Qty,Day_Perc_Change,Trend
0,AXISBANK,EQ,2017-05-16,500.1,502.1,504.5,493.5,502.05,501.5,499.85,8610492,4303938307.25,101028,4027982,46.78,0.2799440111977525,Slight or No change
1,AXISBANK,EQ,2017-05-17,501.5,501.35,506.75,498.5,502.0,502.8,502.88,6443135,3240154192.85,84189,2876528,44.64,0.25922233300099684,Slight or No change
2,AXISBANK,EQ,2017-05-18,502.8,498.0,499.1,490.25,492.85,492.0,494.96,9227022,4566992829.2,95624,5348691,57.97,-2.1479713603818618,Negative
3,AXISBANK,EQ,2017-05-19,492.0,495.75,503.85,494.2,501.9,501.7,499.1,7611430,3798899956.75,72985,4190505,55.06,1.97154471544716,Positive
4,AXISBANK,EQ,2017-05-22,501.7,504.0,507.45,499.5,502.0,502.3,503.0,4970982,2500382611.3,62027,2665857,53.63,0.11959338249951657,Slight or No change
5,AXISBANK,EQ,2017-05-23,502.3,502.25,506.1,495.2,500.5,500.6,500.17,7549551,3776028090.15,69512,4120666,54.58,-0.33844316145729136,Slight or No change
6,AXISBANK,EQ,2017-05-24,500.6,503.0,505.0,495.0,499.65,499.3,498.39,7271148,3623901991.2,61592,4986725,68.58,-0.2596883739512612,Slight or No change
7,AXISBANK,EQ,2017-05-25,499.3,502.0,509.9,495.85,507.85,507.45,504.39,9157557,4619022578.05,106201,4220728,46.09,1.6322851992789822,Positive
8,AXISBANK,EQ,2017-05-26,507.45,508.0,513.0,505.0,510.5,511.45,508.86,5995136,3050682634.7,72779,2824290,47.11,0.7882550004926658,Slight positive
9,AXISBANK,EQ,2017-05-29,511.45,511.9,515.0,502.2,507.45,507.25,507.58,5441466,2761995514.45,62036,2462115,45.25,-0.8211946426825656,Slight negative
10,AXISBANK,EQ,2017-05-30,507.25,505.0,516.95,503.65,514.0,514.4,512.4,4725430,2421320429.3,81509,1690453,35.77,1.4095613602759904,Positive
11,AXISBANK,EQ,2017-05-31,514.4,514.0,516.0,509.5,514.05,514.05,513.03,7263061,3726174066.4,127912,4571507,62.94,-0.06804043545879379,Slight or No change
12,AXISBANK,EQ,2017-06-01,514.05,512.15,515.95,505.5,510.0,509.3,509.17,8105813,4127264524.85,50261,5638214,69.56,-0.9240346269817956,Slight negative
13,AXISBANK,EQ,2017-06-02,509.3,513.5,513.5,506.35,507.5,508.05,509.46,4474040,2279364538.5,69112,2589478,57.88,-0.24543491066169043,Slight or No change
14,AXISBANK,EQ,2017-06-05,508.05,507.35,516.75,507.0,513.8,513.65,513.15,3858825,1980139067.3,57915,1623770,42.08,1.1022537151855083,Positive
15,AXISBANK,EQ,2017-06-06,513.65,514.0,514.4,505.55,509.75,510.2,509.31,3866339,1969153338.35,42061,1846559,47.76,-0.6716635841526264,Slight negative
16,AXISBANK,EQ,2017-06-07,510.2,510.0,515.45,508.1,514.45,514.2,511.95,3389166,1735093532.1,63216,1606010,47.39,0.7840062720501972,Slight positive
17,AXISBANK,EQ,2017-06-08,514.2,514.0,521.8,511.35,515.0,515.75,517.07,5980728,3092442242.75,91962,2729718,45.64,0.3014391287436746,Slight or No change
18,AXISBANK,EQ,2017-06-09,515.75,515.0,516.35,509.4,513.1,513.65,513.11,3242063,1663543219.0,49349,1170363,36.1,-0.40717401841978695,Slight or No change
19,AXISBANK,EQ,2017-06-12,513.65,512.45,513.1,506.0,507.15,507.5,509.94,2360518,1203731095.4,43179,977595,41.41,-1.1973133456633867,Negative
20,AXISBANK,EQ,2017-06-13,507.5,509.0,512.3,505.5,507.0,506.45,508.42,2181945,1109348608.65,51764,950074,43.54,-0.206896551724145,Slight or No change
21,AXISBANK,EQ,2017-06-14,506.45,509.0,510.9,501.55,508.85,509.5,507.45,4648343,2358824391.2,66054,2697523,58.03,0.602231217296878,Slight positive
22,AXISBANK,EQ,2017-06-15,509.5,508.85,509.3,504.0,507.4,507.6,506.77,3425367,1735867326.8,58545,2109450,61.58,-0.3729146221785995,Slight or No change
23,AXISBANK,EQ,2017-06-16,507.6,507.65,514.3,507.5,509.15,510.45,510.27,4999502,2551090212.15,56697,2959675,59.2,0.5614657210401885,Slight positive
24,AXISBANK,EQ,2017-06-19,510.45,511.0,525.35,509.3,518.0,520.15,517.27,6844723,3540560814.15,70602,3499580,51.13,1.9002840630816031,Positive
25,AXISBANK,EQ,2017-06-20,520.15,520.2,521.7,510.5,512.95,511.85,515.15,4388846,2260923459.8,55076,2203975,50.22,-1.5956935499375047,Negative
26,AXISBANK,EQ,2017-06-21,511.85,511.05,512.5,506.75,507.35,507.75,509.19,4346995,2213466122.65,73840,2500935,57.53,-0.8010159226335856,Slight negative
27,AXISBANK,EQ,2017-06-22,507.75,508.9,514.45,506.65,508.0,508.0,510.48,3463745,1768166637.3,67487,1707367,49.29,0.0492368291482137,Slight or No change
28,AXISBANK,EQ,2017-06-23,508.0,509.6,510.45,503.65,505.0,504.65,506.14,3548884,1796247623.15,55281,1827409,51.49,-0.6594488188976455,Slight negative
29,AXISBANK,EQ,2017-06-27,504.65,506.0,506.7,484.45,494.0,492.85,491.01,9842829,4832887696.4,110049,6251831,63.52,-2.3382542356088276,Negative
30,AXISBANK,EQ,2017-06-28,492.85,493.8,500.35,490.05,496.45,492.0,493.28,12691859,6260656806.25,76061,10038114,79.09,-0.1724662676270694,Slight or No change
31,AXISBANK,EQ,2017-06-29,492.0,498.0,514.4,497.7,510.7,512.1,510.39,11855524,6050881865.95,96263,4570578,38.55,4.085365853658551,Among top gainers
32,AXISBANK,EQ,2017-06-30,512.1,510.6,520.0,508.1,519.0,517.35,513.68,7600005,3903959967.35,70339,3757896,49.45,1.0251903925014627,Positive
33,AXISBANK,EQ,2017-07-03,517.35,517.1,521.8,515.0,517.0,517.25,518.62,3701949,1919899522.3,50518,1560626,42.16,-0.019329274185764245,Slight or No change
34,AXISBANK,EQ,2017-07-04,517.25,516.8,517.55,506.55,507.7,508.4,510.84,4086213,2087411115.05,44090,2037542,49.86,-1.7109714838086099,Negative
35,AXISBANK,EQ,2017-07-05,508.4,507.75,515.4,507.75,514.55,513.9,512.56,3154406,1616829190.8,45895,1393508,44.18,1.0818253343823692,Positive
36,AXISBANK,EQ,2017-07-06,513.9,511.0,512.85,508.15,509.45,509.5,510.69,3514758,1794944435.25,29962,1894962,53.91,-0.8561977038334279,Slight negative
37,AXISBANK,EQ,2017-07-07,509.5,508.25,508.95,501.25,504.5,503.15,504.92,3509920,1772241129.1,69429,1645142,46.87,-1.2463199214916676,Negative
38,AXISBANK,EQ,2017-07-10,503.15,521.0,529.75,506.7,510.0,509.95,510.48,1245716,635914884.6,7548,768768,61.71,1.3514856404650777,Positive
39,AXISBANK,EQ,2017-07-11,509.95,512.0,512.4,505.8,507.8,506.8,508.44,3928279,1997289169.35,71571,2473178,62.96,-0.6177076183939589,Slight negative
40,AXISBANK,EQ,2017-07-12,506.8,508.9,509.9,504.2,507.3,506.75,506.27,5504892,2786956087.2,70653,4230384,76.85,-0.009865824782950838,Slight or No change
41,AXISBANK,EQ,2017-07-13,506.75,508.0,516.85,508.0,511.75,511.9,512.99,22231839,11404643882.15,76818,19190329,86.32,1.016280217069565,Positive
42,AXISBANK,EQ,2017-07-14,511.9,514.0,514.5,507.7,512.5,512.95,512.02,3160157,1618060558.65,38720,1508491,47.73,0.20511818714594732,Slight or No change
43,AXISBANK,EQ,2017-07-17,512.95,513.1,514.0,508.5,510.05,510.5,510.49,3169635,1618081278.1,36620,1956608,61.73,-0.47762939857687314,Slight or No change
44,AXISBANK,EQ,2017-07-18,510.5,509.0,522.7,508.35,516.3,516.55,516.84,7864083,4064479833.55,99239,4398520,55.93,1.185112634671892,Positive
45,AXISBANK,EQ,2017-07-19,516.55,518.0,521.95,516.05,520.55,520.2,519.44,8119092,4217402863.55,49078,6045489,74.46,0.7066111702642708,Slight positive
46,AXISBANK,EQ,2017-07-20,520.2,520.8,544.2,520.7,539.15,540.0,535.9,16391849,8784360297.85,180579,7134255,43.52,3.806228373702414,Among top gainers
47,AXISBANK,EQ,2017-07-21,540.0,540.0,542.4,532.25,540.4,540.8,538.2,5567645,2996511405.6,69704,1782212,32.01,0.1481481481481417,Slight or No change
48,AXISBANK,EQ,2017-07-24,540.8,541.0,546.4,531.4,535.5,534.8,540.13,4779353,2581454594.6,63022,1861535,38.95,-1.1094674556213047,Negative
49,AXISBANK,EQ,2017-07-25,534.8,533.5,547.5,529.95,547.4,544.95,539.81,8181916,4416688653.1,103163,2796497,34.18,1.8979057591623105,Positive
50,AXISBANK,EQ,2017-07-26,544.95,538.9,543.95,525.4,526.85,528.85,532.52,12085057,6435505417.1,145641,3897247,32.25,-2.9543994861913947,Negative
51,AXISBANK,EQ,2017-07-27,528.85,532.4,534.95,522.0,523.6,524.65,526.77,12290852,6474397877.9,137599,7522662,61.21,-0.7941760423560651,Slight negative
52,AXISBANK,EQ,2017-07-28,524.65,523.8,529.65,512.0,515.0,515.1,518.0,8268116,4282884793.05,77752,4641265,56.13,-1.8202611264652502,Negative
53,AXISBANK,EQ,2017-07-31,515.1,517.4,521.2,509.4,520.5,519.8,517.58,7245884,3750328858.15,94700,4227353,58.34,0.9124441855950183,Slight positive
54,AXISBANK,EQ,2017-08-01,519.8,518.2,521.75,514.75,515.3,516.55,517.58,4562630,2361543420.4,66142,2865458,62.8,-0.6252404771065811,Slight negative
55,AXISBANK,EQ,2017-08-02,516.55,518.75,524.05,512.6,513.6,516.9,519.92,4079631,2121095779.95,64512,1660576,40.7,0.06775723550480617,Slight or No change
56,AXISBANK,EQ,2017-08-03,516.9,516.0,516.35,504.8,505.4,506.0,508.72,4140945,2106584695.8,80442,2119288,51.18,-2.1087250918939815,Negative
57,AXISBANK,EQ,2017-08-04,506.0,506.0,510.8,504.6,507.8,508.1,507.61,4972811,2524244771.95,61421,3041480,61.16,0.4150197628458585,Slight or No change
58,AXISBANK,EQ,2017-08-07,508.1,509.0,511.8,504.1,505.55,505.8,507.22,5293884,2685185274.3,65862,3435261,64.89,-0.45266679787443476,Slight or No change
59,AXISBANK,EQ,2017-08-08,505.8,507.7,510.95,496.05,499.0,499.45,502.23,8898560,4469119282.3,87901,5499128,61.8,-1.2554369315935232,Negative
60,AXISBANK,EQ,2017-08-09,499.45,494.45,498.65,485.45,487.8,486.95,491.03,7169705,3520543112.45,84055,3981613,55.53,-2.5027530283311616,Negative
61,AXISBANK,EQ,2017-08-10,486.95,485.1,494.15,483.55,488.0,485.5,487.78,10095387,4924316832.45,75987,7105601,70.38,-0.2977718451586342,Slight or No change
62,AXISBANK,EQ,2017-08-11,485.5,482.9,493.35,480.0,488.1,489.7,485.92,9261420,4500292507.4,92632,6294568,67.97,0.8650875386199797,Slight positive
63,AXISBANK,EQ,2017-08-14,489.7,491.0,497.45,489.75,491.2,491.75,492.63,3983656,1962455202.0,67406,1988356,49.91,0.41862364713090017,Slight or No change
64,AXISBANK,EQ,2017-08-16,491.75,492.95,501.55,488.0,501.45,499.5,491.95,5958229,2931153328.05,65228,3244434,54.45,1.5760040671072728,Positive
65,AXISBANK,EQ,2017-08-17,499.5,500.2,503.45,495.0,496.65,497.15,499.14,3948664,1970940670.1,57668,1356369,34.35,-0.4704704704704743,Slight or No change
66,AXISBANK,EQ,2017-08-18,497.15,495.3,495.95,489.85,490.5,490.4,492.39,4166976,2051766459.15,66544,2148636,51.56,-1.3577391129437788,Negative
67,AXISBANK,EQ,2017-08-21,490.4,492.1,503.4,491.8,494.7,494.8,497.23,17884400,8892682221.8,75380,14344383,80.21,0.897226753670477,Slight positive
68,AXISBANK,EQ,2017-08-22,494.8,496.0,507.0,496.0,499.7,499.2,501.2,6654272,3335126184.85,80954,2953179,44.38,0.8892481810832686,Slight positive
69,AXISBANK,EQ,2017-08-23,499.2,505.0,505.8,500.15,501.6,502.65,502.23,3288488,1651589785.8,56505,1699893,51.69,0.6911057692307709,Slight positive
70,AXISBANK,EQ,2017-08-24,502.65,503.0,510.5,502.05,507.0,506.85,507.22,7157375,3630372929.55,95831,4139754,57.84,0.8355714712026341,Slight positive
71,AXISBANK,EQ,2017-08-28,506.85,507.5,512.9,506.2,510.85,510.6,510.24,3724389,1900320046.05,70179,2410354,64.72,0.7398638650488287,Slight positive
72,AXISBANK,EQ,2017-08-29,510.6,509.4,509.45,501.0,503.7,503.6,503.99,3266295,1646193085.1,37018,1472005,45.07,-1.3709361535448439,Negative
73,AXISBANK,EQ,2017-08-30,503.6,506.2,509.5,502.3,503.3,503.9,506.18,3972126,2010602726.35,50685,2422014,60.98,0.05957108816521117,Slight or No change
74,AXISBANK,EQ,2017-08-31,503.9,504.0,505.4,498.55,500.0,500.35,501.18,4491876,2251247521.5,62782,2459274,54.75,-0.7045048620757943,Slight negative
75,AXISBANK,EQ,2017-09-01,500.35,502.0,509.8,498.5,508.45,507.55,505.36,4569367,2309194508.2,63973,2452377,53.67,1.4389927051064122,Positive
76,AXISBANK,EQ,2017-09-04,507.55,506.6,509.0,499.7,502.0,501.75,503.11,3744616,1883955027.2,48437,1910859,51.03,-1.1427445571864814,Negative
77,AXISBANK,EQ,2017-09-05,501.75,502.25,506.65,501.5,501.6,503.4,504.2,3216819,1621904612.55,44046,1768635,54.98,0.3288490284006018,Slight or No change
78,AXISBANK,EQ,2017-09-06,503.4,502.0,502.0,491.5,492.75,492.85,495.32,4947660,2450683372.8,77066,2553793,51.62,-2.0957489074294733,Negative
79,AXISBANK,EQ,2017-09-07,492.85,494.0,499.0,494.0,496.5,496.6,496.72,4564617,2267351324.35,61724,2579561,56.51,0.7608805924723461,Slight positive
80,AXISBANK,EQ,2017-09-08,496.6,498.0,498.5,491.85,493.7,494.0,494.9,3662579,1812606053.3,69641,1991944,54.39,-0.5235602094240899,Slight negative
81,AXISBANK,EQ,2017-09-11,494.0,495.35,497.4,492.65,494.2,493.9,495.09,3590293,1777512510.65,83946,2306739,64.25,-0.020242914979762272,Slight or No change
82,AXISBANK,EQ,2017-09-12,493.9,494.9,502.2,493.25,496.1,496.5,497.43,3324949,1653936124.1,51456,1659667,49.92,0.526422352702971,Slight positive
83,AXISBANK,EQ,2017-09-13,496.5,496.1,505.6,495.05,499.0,499.3,499.31,4430874,2212371802.45,84969,2121591,47.88,0.5639476334340365,Slight positive
84,AXISBANK,EQ,2017-09-14,499.3,505.0,521.8,502.1,519.45,519.75,516.41,15168429,7833102848.7,169699,8100212,53.4,4.095734027638698,Among top gainers
85,AXISBANK,EQ,2017-09-15,519.75,517.95,520.0,511.0,517.6,516.15,515.5,8942804,4609975398.75,108474,5725644,64.03,-0.6926406926407003,Slight negative
86,AXISBANK,EQ,2017-09-18,516.15,518.65,526.0,518.3,523.1,524.55,522.57,7337260,3834197822.65,56198,4363189,59.47,1.6274338854983972,Positive
87,AXISBANK,EQ,2017-09-19,524.55,522.0,524.1,517.5,521.0,520.75,519.98,2386279,1240822006.3,33094,1107743,46.42,-0.724430464207404,Slight negative
88,AXISBANK,EQ,2017-09-20,520.75,516.75,522.5,516.75,519.4,519.45,519.66,8297561,4311950124.2,51653,6736488,81.19,-0.24963994239077802,Slight or No change
89,AXISBANK,EQ,2017-09-21,519.45,518.0,522.5,505.65,512.4,512.55,513.29,3103034,1592749393.2,43251,1369107,44.12,-1.3283280392723196,Negative
90,AXISBANK,EQ,2017-09-22,512.55,509.4,510.5,503.2,504.4,505.3,505.43,4546160,2297770794.5,65423,2827413,62.19,-1.414496146717381,Negative
91,AXISBANK,EQ,2017-09-25,505.3,504.0,505.0,488.3,504.0,501.7,496.59,11921527,5920109110.7,102363,8836381,74.12,-0.7124480506629727,Slight negative
92,AXISBANK,EQ,2017-09-26,501.7,500.0,518.2,500.0,512.7,511.95,507.94,5292394,2688207977.55,72455,2990907,56.51,2.0430536176998304,Positive
93,AXISBANK,EQ,2017-09-27,511.95,513.4,513.9,500.5,507.0,506.3,506.04,5300694,2682372210.85,58329,2416432,45.59,-1.1036234007227197,Negative
94,AXISBANK,EQ,2017-09-28,506.3,507.85,517.25,505.65,508.0,511.8,511.31,10408979,5322217145.95,105507,6887161,66.17,1.086312462966621,Positive
95,AXISBANK,EQ,2017-09-29,511.8,511.1,516.95,505.1,510.2,509.15,511.49,11578743,5922396013.4,89012,8627869,74.51,-0.5177803829620964,Slight negative
96,AXISBANK,EQ,2017-10-03,509.15,514.0,517.0,504.1,506.9,509.65,511.85,10712537,5483230103.65,59749,8183856,76.4,0.09820288716488879,Slight or No change
97,AXISBANK,EQ,2017-10-04,509.65,507.5,511.0,504.5,505.8,505.95,507.19,4792373,2430649792.35,63017,2514653,52.47,-0.7259884234278369,Slight negative
98,AXISBANK,EQ,2017-10-05,505.95,506.65,507.85,497.45,501.05,501.2,501.98,9349884,4693423731.25,112325,6174807,66.04,-0.9388279474256356,Slight negative
99,AXISBANK,EQ,2017-10-06,501.2,503.0,507.0,501.25,503.4,503.35,504.91,11343137,5727246623.8,63580,9106974,80.29,0.428970470869916,Slight or No change
100,AXISBANK,EQ,2017-10-09,503.35,503.4,508.8,501.25,505.5,505.95,505.38,3942277,1992350381.2,63288,1993417,50.57,0.5165391874441205,Slight positive
101,AXISBANK,EQ,2017-10-10,505.95,507.5,515.7,504.1,513.65,514.55,509.72,4932758,2514334065.75,73085,2301672,46.66,1.6997727048127187,Positive
102,AXISBANK,EQ,2017-10-11,514.55,519.9,523.3,509.4,514.7,515.75,518.14,6188165,3206324378.0,71755,2933725,47.41,0.2332134875133729,Slight or No change
103,AXISBANK,EQ,2017-10-12,515.75,516.3,525.95,512.8,524.75,525.1,519.37,4800917,2493445843.85,53300,2807381,58.48,1.8128938439166298,Positive
104,AXISBANK,EQ,2017-10-13,525.1,524.25,534.65,522.5,527.75,529.45,530.35,6447797,3419595109.35,76257,2735525,42.43,0.8284136354980154,Slight positive
105,AXISBANK,EQ,2017-10-16,529.45,530.35,531.75,514.2,518.75,520.35,521.14,7148294,3725261803.45,79622,2890499,40.44,-1.7187647558787433,Negative
106,AXISBANK,EQ,2017-10-17,520.35,520.95,526.1,511.0,511.5,513.15,517.18,9443230,4883874202.25,96350,3516413,37.24,-1.383684058806578,Negative
107,AXISBANK,EQ,2017-10-18,513.15,488.0,489.0,460.9,465.0,464.5,473.56,49308621,23350504585.45,405745,25180969,51.07,-9.480658676800147,Bear drop
108,AXISBANK,EQ,2017-10-19,464.5,463.9,465.0,458.0,458.3,460.3,461.9,3302209,1525299109.95,42306,1139040,34.49,-0.9041980624327262,Slight negative
109,AXISBANK,EQ,2017-10-23,460.3,458.65,461.05,447.5,449.8,449.95,452.07,21127981,9551319417.15,187667,13023865,61.64,-2.2485335650662686,Negative
110,AXISBANK,EQ,2017-10-24,449.95,451.65,457.8,450.1,450.95,451.95,454.53,19327721,8785093469.4,161013,14578807,75.43,0.44449383264806297,Slight or No change
111,AXISBANK,EQ,2017-10-25,451.95,468.15,476.5,456.65,474.0,473.0,467.94,37624005,17605694643.15,327169,25515156,67.82,4.657594866688797,Among top gainers
112,AXISBANK,EQ,2017-10-26,473.0,472.0,487.85,471.5,484.25,484.3,480.85,24936306,11990646727.25,183488,15744352,63.14,2.389006342494726,Positive
113,AXISBANK,EQ,2017-10-27,484.3,485.0,491.4,481.65,487.25,485.95,486.31,7576778,3684672855.05,98174,4252919,56.13,0.34069791451578624,Slight or No change
114,AXISBANK,EQ,2017-10-30,485.95,487.2,489.0,481.6,485.45,484.0,485.24,4815226,2336523958.3,84223,2534990,52.65,-0.4012758514250425,Slight or No change
115,AXISBANK,EQ,2017-10-31,484.0,495.0,529.0,493.3,525.25,523.15,515.75,39655956,20452710548.8,324716,16137257,40.69,8.0888429752066,Bull run
116,AXISBANK,EQ,2017-11-01,523.15,524.95,544.0,524.5,536.0,535.1,537.01,22542766,12105667478.1,208378,10435452,46.29,2.2842397018063787,Positive
117,AXISBANK,EQ,2017-11-02,535.1,534.0,538.0,526.3,536.65,532.15,530.37,7800191,4136987034.9,104091,3597790,46.12,-0.5512988226499815,Slight negative
118,AXISBANK,EQ,2017-11-03,532.15,535.35,545.7,534.1,540.3,540.1,539.86,9303981,5022892791.15,122192,4881081,52.46,1.4939396786620485,Positive
119,AXISBANK,EQ,2017-11-06,540.1,539.05,541.55,530.75,535.3,534.5,535.14,8013536,4288361699.75,104935,4480176,55.91,-1.0368450286983966,Negative
120,AXISBANK,EQ,2017-11-07,534.5,535.5,539.4,523.0,526.8,527.15,527.9,9642624,5090372215.95,135116,7022379,72.83,-1.3751169317118839,Negative
121,AXISBANK,EQ,2017-11-08,527.15,537.7,551.9,533.6,547.75,544.85,542.69,19642327,10659636530.75,213546,9273958,47.21,3.357678080242832,Among top gainers
122,AXISBANK,EQ,2017-11-09,544.85,548.95,555.45,533.0,538.2,540.4,541.55,11290503,6114428145.65,118502,4716125,41.77,-0.8167385518950243,Slight negative
123,AXISBANK,EQ,2017-11-10,540.4,534.95,548.95,532.45,547.25,544.8,541.56,9869691,5345027869.9,83353,4958926,50.24,0.8142116950407008,Slight positive
124,AXISBANK,EQ,2017-11-13,544.8,557.0,564.55,534.05,535.0,537.35,550.78,21701958,11953023220.3,298101,11631613,53.6,-1.3674743024963187,Negative
125,AXISBANK,EQ,2017-11-14,537.35,537.35,549.95,532.6,547.6,545.65,543.07,10644657,5780816827.15,128316,5250064,49.32,1.5446171024471766,Positive
126,AXISBANK,EQ,2017-11-15,545.65,546.5,551.4,537.1,543.5,542.0,544.93,7814066,4258118077.9,91591,3600813,46.08,-0.668926967836525,Slight negative
127,AXISBANK,EQ,2017-11-16,542.0,544.0,548.5,541.2,542.95,542.6,544.88,5176117,2820356040.35,95239,2547345,49.21,0.11070110701107971,Slight or No change
128,AXISBANK,EQ,2017-11-17,542.6,550.0,557.4,540.55,542.25,542.4,547.73,4373503,2395482947.3,65331,1423407,32.55,-0.036859565057145716,Slight or No change
129,AXISBANK,EQ,2017-11-20,542.4,542.25,547.5,536.75,545.0,545.15,542.92,3458524,1877711501.8,47575,1398668,40.44,0.5070058997050042,Slight positive
130,AXISBANK,EQ,2017-11-21,545.15,547.0,548.9,539.15,546.15,546.8,543.92,5770768,3138844187.7,84809,3596599,62.32,0.30266899018618343,Slight or No change
131,AXISBANK,EQ,2017-11-22,546.8,546.55,547.0,539.0,540.5,540.5,542.24,4536211,2459696076.65,40912,2746760,60.55,-1.1521580102413997,Negative
132,AXISBANK,EQ,2017-11-23,540.5,542.4,547.8,535.55,544.5,544.15,539.35,10724159,5784096747.35,71713,7586565,70.74,0.6753006475485712,Slight positive
133,AXISBANK,EQ,2017-11-24,544.15,544.95,547.7,541.05,546.0,545.5,544.82,3947490,2150660944.85,48939,2091351,52.98,0.24809335661122311,Slight or No change
134,AXISBANK,EQ,2017-11-27,545.5,544.1,561.85,540.95,559.7,559.4,555.48,9301318,5166656070.4,99672,3843686,41.32,2.5481209899175017,Positive
135,AXISBANK,EQ,2017-11-28,559.4,559.5,565.9,558.0,562.25,562.55,562.24,10113136,5685983691.7,139972,4784098,47.31,0.5631033249910544,Slight positive
136,AXISBANK,EQ,2017-11-29,562.55,560.55,562.2,546.8,548.5,549.5,552.42,6387037,3528321714.25,84865,3489394,54.63,-2.319793796107006,Negative
137,AXISBANK,EQ,2017-11-30,549.5,547.15,547.5,534.15,535.8,535.4,537.74,19370807,10416410410.8,129160,13287736,68.6,-2.5659690627843568,Negative
138,AXISBANK,EQ,2017-12-01,535.4,539.4,539.9,531.9,533.75,533.85,535.77,7138045,3824354696.35,49883,4046149,56.68,-0.28950317519610413,Slight or No change
139,AXISBANK,EQ,2017-12-04,533.85,536.2,540.85,529.65,537.0,534.95,536.52,4181453,2243444913.9,61534,1819182,43.51,0.20605038868597436,Slight or No change
140,AXISBANK,EQ,2017-12-05,534.95,535.0,537.85,530.75,533.0,533.15,534.29,6167602,3295294400.35,56755,3358904,54.46,-0.33648004486401817,Slight or No change
141,AXISBANK,EQ,2017-12-06,533.15,532.2,534.5,529.2,530.95,530.5,531.86,4234770,2252306176.9,53263,2653231,62.65,-0.4970458595142002,Slight or No change
142,AXISBANK,EQ,2017-12-07,530.5,532.9,538.0,529.1,537.9,534.05,532.66,3528298,1879368616.55,55537,1855224,52.58,0.669180018850124,Slight positive
143,AXISBANK,EQ,2017-12-08,534.05,536.7,544.5,536.6,543.5,542.5,541.44,6007380,3252618776.2,65869,3303709,54.99,1.5822488531036516,Positive
144,AXISBANK,EQ,2017-12-11,542.5,550.0,552.25,542.7,545.2,545.1,547.07,5326031,2913712576.0,96601,2624037,49.27,0.47926267281106494,Slight or No change
145,AXISBANK,EQ,2017-12-12,545.1,544.0,544.0,535.1,538.65,538.6,539.24,5232189,2821420078.05,48105,3175546,60.69,-1.192441753806639,Negative
146,AXISBANK,EQ,2017-12-13,538.6,538.0,543.0,533.05,535.6,535.75,537.44,4163419,2237595600.55,41613,2017210,48.45,-0.5291496472335733,Slight negative
147,AXISBANK,EQ,2017-12-14,535.75,537.0,543.4,534.75,542.55,541.45,537.96,3558224,1914192015.3,43686,1599928,44.96,1.0639290713952532,Positive
148,AXISBANK,EQ,2017-12-15,541.45,552.2,552.4,543.05,549.0,547.95,546.86,6059220,3313530926.8,82822,3848290,63.51,1.200480192076836,Positive
149,AXISBANK,EQ,2017-12-18,547.95,537.95,553.8,530.0,548.7,548.65,546.14,5889302,3216385755.4,76615,2837951,48.19,0.127748882197265,Slight or No change
150,AXISBANK,EQ,2017-12-19,548.65,549.25,556.0,545.4,554.0,553.65,549.98,4325512,2378948802.85,71455,2633512,60.88,0.9113278046113171,Slight positive
151,AXISBANK,EQ,2017-12-20,553.65,553.5,557.8,548.6,554.95,554.5,552.34,3534649,1952341438.55,54754,1850569,52.36,0.15352659622505094,Slight or No change
152,AXISBANK,EQ,2017-12-21,554.5,551.8,556.95,545.05,548.05,548.95,550.13,5781370,3180480606.6,77959,3255896,56.32,-1.0009017132551756,Negative
153,AXISBANK,EQ,2017-12-22,548.95,549.9,554.8,547.1,553.5,553.6,551.55,3075576,1696347215.35,39911,1577113,51.28,0.8470716823025803,Slight positive
154,AXISBANK,EQ,2017-12-26,553.6,555.0,557.25,550.3,555.5,555.0,553.77,3272086,1811972346.8,59191,1653548,50.53,0.25289017341039166,Slight or No change
155,AXISBANK,EQ,2017-12-27,555.0,554.0,560.65,551.0,553.2,554.6,555.32,4163259,2311939238.65,55577,2290869,55.03,-0.07207207207207134,Slight or No change
156,AXISBANK,EQ,2017-12-28,554.6,546.15,554.2,544.0,548.35,546.85,548.61,8433564,4626716966.2,75449,4454410,52.82,-1.3974035340786117,Negative
157,AXISBANK,EQ,2017-12-29,546.85,548.2,567.85,547.0,562.7,563.95,557.68,8363189,4663989265.65,108278,4795894,57.35,3.1270000914327634,Among top gainers
158,AXISBANK,EQ,2018-01-01,563.95,563.8,569.8,560.5,562.95,565.5,565.45,6943234,3926020653.9,60203,4295836,61.87,0.2748470609096554,Slight or No change
159,AXISBANK,EQ,2018-01-02,565.5,567.0,568.6,556.35,558.4,559.5,562.73,6292268,3540878729.7,75362,3796067,60.33,-1.0610079575596787,Negative
160,AXISBANK,EQ,2018-01-03,559.5,561.3,565.45,555.75,559.75,560.45,560.49,3990149,2236430578.25,80778,1847503,46.3,0.1697944593387124,Slight or No change
161,AXISBANK,EQ,2018-01-04,560.45,564.85,565.0,558.0,559.2,559.9,560.67,2766664,1551198403.7,52347,1529795,55.29,-0.09813542688912325,Slight or No change
162,AXISBANK,EQ,2018-01-05,559.9,561.05,566.0,556.7,564.3,563.25,560.87,3249056,1822289242.4,66423,1904898,58.63,0.598321128773005,Slight positive
163,AXISBANK,EQ,2018-01-08,563.25,565.8,568.0,562.45,563.45,565.45,564.97,3770339,2130123814.45,82634,2439703,64.71,0.39059032401242977,Slight or No change
164,AXISBANK,EQ,2018-01-09,565.45,564.0,573.0,563.0,564.1,565.3,567.76,4607504,2615956536.75,91955,2564442,55.66,-0.026527544433652128,Slight or No change
165,AXISBANK,EQ,2018-01-10,565.3,566.15,566.7,560.45,563.55,562.8,562.91,2411625,1357535163.6,42761,1092127,45.29,-0.44224305678400855,Slight or No change
166,AXISBANK,EQ,2018-01-11,562.8,562.0,563.15,553.55,559.5,558.75,558.37,2825941,1577915952.15,56560,999239,35.36,-0.7196162046908205,Slight negative
167,AXISBANK,EQ,2018-01-12,558.75,560.2,563.4,552.5,556.5,555.1,556.54,6013121,3346534205.35,64648,3734806,62.11,-0.6532438478747182,Slight negative
168,AXISBANK,EQ,2018-01-15,555.1,556.7,564.45,556.4,561.2,560.55,560.54,3943472,2210473553.5,78690,2016416,51.13,0.9818050801657208,Slight positive
169,AXISBANK,EQ,2018-01-16,560.55,562.95,566.9,555.8,561.2,563.2,561.66,5993564,3366322334.0,101529,3222165,53.76,0.47274997770048177,Slight or No change
170,AXISBANK,EQ,2018-01-17,563.2,564.05,589.3,561.0,587.8,585.2,575.03,8453944,4861288785.85,171384,3576554,42.31,3.90625,Among top gainers
171,AXISBANK,EQ,2018-01-18,585.2,596.0,597.15,578.6,584.0,584.8,590.67,9466991,5591909614.9,122502,5367287,56.69,-0.06835269993166193,Slight or No change
172,AXISBANK,EQ,2018-01-19,584.8,584.9,594.0,581.2,591.8,590.25,586.78,3897048,2286703028.1,74142,1991467,51.1,0.9319425444596519,Slight positive
173,AXISBANK,EQ,2018-01-22,590.25,595.95,621.75,583.15,611.3,611.55,607.42,21790443,13235965455.85,206129,5862132,26.9,3.608640406607355,Among top gainers
174,AXISBANK,EQ,2018-01-23,611.55,616.4,627.6,611.45,621.8,620.1,619.63,14286343,8852254747.1,182690,5329211,37.3,1.3980868285504267,Positive
175,AXISBANK,EQ,2018-01-24,620.1,621.9,621.9,606.3,608.1,607.95,613.13,6158610,3776009678.2,113856,3480447,56.51,-1.9593613933236553,Negative
176,AXISBANK,EQ,2018-01-25,607.95,610.0,619.25,598.6,614.75,616.1,614.06,6749846,4144830662.9,99985,3755122,55.63,1.3405707706225733,Positive
177,AXISBANK,EQ,2018-01-29,616.1,614.55,620.9,603.65,605.6,605.55,613.69,7017160,4306363380.0,88039,4897085,69.79,-1.7123843531894334,Negative
178,AXISBANK,EQ,2018-01-30,605.55,605.6,607.45,592.45,595.0,593.75,596.27,6447963,3844728785.6,119235,4439153,68.85,-1.948641730658074,Negative
179,AXISBANK,EQ,2018-01-31,593.75,589.3,596.0,587.15,593.6,593.6,591.57,7108060,4204893323.1,141039,4785849,67.33,-0.025263157894728216,Slight or No change
180,AXISBANK,EQ,2018-02-01,593.6,593.6,610.0,586.1,592.45,592.8,597.28,7839731,4682507866.9,106898,3546561,45.24,-0.13477088948787852,Slight or No change
181,AXISBANK,EQ,2018-02-02,592.8,587.8,587.8,561.3,565.0,564.9,574.72,6185174,3554724850.65,59876,3383987,54.71,-4.706477732793523,Among top losers
182,AXISBANK,EQ,2018-02-05,564.9,551.1,568.65,547.5,566.15,566.25,558.23,9318595,5201898676.1,84854,5470364,58.7,0.23898035050451405,Slight or No change
183,AXISBANK,EQ,2018-02-06,566.25,543.0,577.05,534.0,565.05,563.7,546.48,13938327,7617079383.5,130833,7636640,54.79,-0.45033112582780754,Slight or No change
184,AXISBANK,EQ,2018-02-07,563.7,568.0,574.65,556.0,558.65,559.35,566.01,7679830,4346838428.5,99330,4078244,53.1,-0.7716870675891441,Slight negative
185,AXISBANK,EQ,2018-02-08,559.35,562.8,576.9,559.7,570.0,568.45,570.01,5816886,3315665411.65,92355,2794126,48.03,1.6268883525520694,Positive
186,AXISBANK,EQ,2018-02-09,568.45,559.9,561.95,550.4,558.05,557.55,555.89,5865587,3260634336.85,67074,2514416,42.87,-1.91749494238721,Negative
187,AXISBANK,EQ,2018-02-12,557.55,563.7,568.0,560.35,562.6,564.2,564.12,4765319,2688214842.25,52010,2653218,55.68,1.1927181418706967,Positive
188,AXISBANK,EQ,2018-02-14,564.2,565.0,565.85,540.1,541.8,543.9,549.08,6478108,3557014143.95,80356,3102459,47.89,-3.5980148883374863,Among top losers
189,AXISBANK,EQ,2018-02-15,543.9,534.75,554.8,531.35,543.7,543.7,543.53,11593643,6301534721.25,100722,4095375,35.32,-0.03677146534287745,Slight or No change
190,AXISBANK,EQ,2018-02-16,543.7,547.05,548.6,535.0,538.75,537.85,539.56,3910503,2109950927.1,58185,1060318,27.11,-1.0759610079087767,Negative
191,AXISBANK,EQ,2018-02-19,537.85,537.85,544.95,527.5,541.75,540.55,533.99,4251723,2270377956.4,56866,1420617,33.41,0.5019986985218772,Slight positive
192,AXISBANK,EQ,2018-02-20,540.55,542.0,548.05,529.4,530.7,531.7,540.04,3395183,1833522628.5,56937,898657,26.47,-1.6372213486263831,Negative
193,AXISBANK,EQ,2018-02-21,531.7,534.0,538.5,524.4,536.0,535.8,531.37,4638382,2464681322.45,62749,1971817,42.51,0.7711115290577331,Slight positive
194,AXISBANK,EQ,2018-02-22,535.8,533.0,533.75,527.5,529.2,530.25,530.37,7808359,4141357704.9,89927,5272318,67.52,-1.0358342665173437,Negative
195,AXISBANK,EQ,2018-02-23,530.25,527.0,538.9,525.55,537.5,536.65,533.8,3888629,2075756240.45,55264,1517831,39.03,1.2069778406412102,Positive
196,AXISBANK,EQ,2018-02-26,536.65,541.1,554.4,539.0,550.0,552.3,548.09,5297794,2903644096.85,96778,2124203,40.1,2.916239634771256,Positive
197,AXISBANK,EQ,2018-02-27,552.3,551.6,551.6,536.15,539.5,538.4,543.06,4136383,2246284235.85,54454,1563836,37.81,-2.51674814412457,Negative
198,AXISBANK,EQ,2018-02-28,538.4,534.0,536.5,520.0,526.7,528.75,528.11,6626661,3499601151.7,102972,2576056,38.87,-1.792347696879637,Negative
199,AXISBANK,EQ,2018-03-01,528.75,524.0,535.55,522.0,526.65,525.75,529.37,9827510,5202366026.0,80903,5956431,60.61,-0.5673758865248235,Slight negative
200,AXISBANK,EQ,2018-03-05,525.75,524.0,528.95,521.3,524.55,524.55,524.79,6766199,3550854046.95,78220,3828015,56.58,-0.2282453637660553,Slight or No change
201,AXISBANK,EQ,2018-03-06,524.55,526.0,530.65,511.2,512.5,517.35,524.45,12240160,6419343386.15,124317,6878695,56.2,-1.3726050900771947,Negative
202,AXISBANK,EQ,2018-03-07,517.35,510.9,517.9,507.55,515.2,512.65,512.17,10428057,5340935464.4,125638,5662399,54.3,-0.9084758867304643,Slight negative
203,AXISBANK,EQ,2018-03-08,512.65,518.45,523.95,507.45,521.15,520.55,514.86,8483978,4368098074.2,82839,4917197,57.96,1.5410123866185454,Positive
204,AXISBANK,EQ,2018-03-09,520.55,522.45,522.55,503.0,507.0,505.35,513.43,4955525,2544330900.8,65345,2241755,45.24,-2.9199884737296955,Negative
205,AXISBANK,EQ,2018-03-12,505.35,510.6,521.95,505.3,518.6,519.2,510.91,5283334,2699288020.2,63422,2341902,44.33,2.7406747798555564,Positive
206,AXISBANK,EQ,2018-03-13,519.2,517.1,534.95,514.65,531.2,531.5,529.39,7846232,4153683863.15,79834,4159938,53.02,2.3690292758089315,Positive
207,AXISBANK,EQ,2018-03-14,531.5,528.95,538.0,522.5,537.45,536.15,527.9,4976540,2627107173.65,61875,2278029,45.78,0.8748824082784434,Slight positive
208,AXISBANK,EQ,2018-03-15,536.15,535.2,539.2,528.25,530.0,529.65,533.5,3932830,2098147902.4,46912,1675493,42.6,-1.2123472908700972,Negative
209,AXISBANK,EQ,2018-03-16,529.65,530.9,532.9,520.5,524.75,522.6,525.37,12146623,6381458832.7,76552,9884518,81.38,-1.3310676862078652,Negative
210,AXISBANK,EQ,2018-03-19,522.6,522.6,526.0,517.05,522.1,519.45,520.31,4656613,2422887363.5,77927,2508757,53.88,-0.6027554535017132,Slight negative
211,AXISBANK,EQ,2018-03-20,519.45,509.0,525.0,509.0,523.0,521.1,518.11,5398111,2796830551.65,55384,1961367,36.33,0.3176436615651035,Slight or No change
212,AXISBANK,EQ,2018-03-21,521.1,523.0,532.5,522.5,525.8,526.3,528.27,5518826,2915446908.2,99641,3163221,57.32,0.9978890807906149,Slight positive
213,AXISBANK,EQ,2018-03-22,526.3,522.6,525.9,516.75,518.5,518.2,520.87,7194256,3747257474.8,115898,4733860,65.8,-1.5390461713851278,Negative
214,AXISBANK,EQ,2018-03-23,518.2,509.5,510.25,496.0,498.25,499.5,500.81,29385110,14716300161.25,128073,24333910,82.81,-3.608645310690861,Among top losers
215,AXISBANK,EQ,2018-03-26,499.5,499.0,509.3,495.2,508.05,507.3,502.15,9498614,4769689229.85,84152,6051911,63.71,1.561561561561553,Positive
216,AXISBANK,EQ,2018-03-27,507.3,512.3,522.55,509.05,514.95,512.2,516.39,6423140,3316827454.8,57201,2791137,43.45,0.9658978907943983,Slight positive
217,AXISBANK,EQ,2018-03-28,512.2,512.9,512.9,501.6,510.55,510.5,508.17,10980960,5580173065.4,111873,6711220,61.12,-0.3319016009371456,Slight or No change
218,AXISBANK,EQ,2018-04-02,510.5,506.75,508.5,492.2,499.3,499.05,498.55,7120498,3549905658.7,112010,2173809,30.53,-2.2428991185112657,Negative
219,AXISBANK,EQ,2018-04-03,499.05,494.0,506.0,493.7,502.0,501.55,499.31,6053789,3022708508.3,92038,1849980,30.56,0.5009518084360343,Slight positive
220,AXISBANK,EQ,2018-04-04,501.55,504.5,504.5,490.25,491.95,492.25,496.99,6047813,3005731966.6,66163,1706316,28.21,-1.8542518193599866,Negative
221,AXISBANK,EQ,2018-04-05,492.25,498.4,504.65,495.2,502.9,503.1,499.36,6682587,3337037554.95,53528,2996912,44.85,2.204164550533272,Positive
222,AXISBANK,EQ,2018-04-06,503.1,502.95,502.95,495.2,498.75,500.2,498.9,3812133,1901889025.45,43750,936810,24.57,-0.576426157821508,Slight negative
223,AXISBANK,EQ,2018-04-09,500.2,502.2,522.0,501.2,517.4,519.3,515.25,8708770,4487150481.3,97950,2798268,32.13,3.8184726109556033,Among top gainers
224,AXISBANK,EQ,2018-04-10,519.3,523.0,549.7,521.4,547.5,546.15,538.72,21689156,11684273812.8,190731,6069270,27.98,5.170421721548246,Among top gainers
225,AXISBANK,EQ,2018-04-11,546.15,550.1,551.0,534.0,540.0,539.8,539.64,9261807,4998046106.35,96508,1359069,14.67,-1.162684244255241,Negative
226,AXISBANK,EQ,2018-04-12,539.8,537.3,550.0,534.85,546.1,548.75,544.02,8021652,4363920868.75,71391,2249882,28.05,1.658021489440542,Positive
227,AXISBANK,EQ,2018-04-13,548.75,550.0,555.55,535.75,543.5,542.55,546.72,8788919,4805072053.55,82524,1377306,15.67,-1.1298405466970474,Negative
228,AXISBANK,EQ,2018-04-16,542.55,541.5,543.8,530.35,542.9,542.4,536.51,6418203,3443456917.55,63917,1589477,24.77,-0.027647221454241144,Slight or No change
229,AXISBANK,EQ,2018-04-17,542.4,544.95,544.95,530.25,532.45,532.4,535.26,5541004,2965896231.2,70846,1965493,35.47,-1.8436578171091456,Negative
230,AXISBANK,EQ,2018-04-18,532.4,535.5,535.5,516.5,517.7,518.25,526.14,7131174,3752007708.45,76698,2725789,38.22,-2.6577761081893247,Negative
231,AXISBANK,EQ,2018-04-19,518.25,521.0,521.45,509.1,514.4,512.9,511.88,10559623,5405241559.45,71717,6646075,62.94,-1.032320308731316,Negative
232,AXISBANK,EQ,2018-04-20,512.9,513.5,513.85,503.0,506.9,505.7,507.32,4437940,2251470255.35,52472,1700797,38.32,-1.4037824137258736,Negative
233,AXISBANK,EQ,2018-04-23,505.7,508.4,511.2,500.0,506.85,506.2,506.47,4766412,2414025792.6,64889,1177916,24.71,0.09887284951552999,Slight or No change
234,AXISBANK,EQ,2018-04-24,506.2,506.0,514.75,503.35,507.75,504.85,507.51,4564259,2316415190.35,55541,1381793,30.27,-0.2666930067167006,Slight or No change
235,AXISBANK,EQ,2018-04-25,504.85,506.0,506.0,496.3,497.4,498.4,500.61,4608455,2307048190.1,70727,1554043,33.72,-1.2776072100624036,Negative
236,AXISBANK,EQ,2018-04-26,498.4,496.75,501.05,483.3,490.9,493.75,492.53,14919977,7348545170.85,126267,9248954,61.99,-0.9329855537720699,Slight negative
237,AXISBANK,EQ,2018-04-27,493.75,481.25,543.1,481.25,540.0,539.2,522.41,58859461,30748720572.15,471549,10876060,18.48,9.20506329113926,Bull run
238,AXISBANK,EQ,2018-04-30,539.2,535.8,536.1,513.4,518.5,517.3,520.29,18357008,9550889152.45,166443,6322312,34.44,-4.061572700296756,Among top losers
239,AXISBANK,EQ,2018-05-02,517.3,518.5,527.95,515.4,524.85,523.75,521.0,25195767,13127115353.35,139798,18143773,72.01,1.2468586893485512,Positive
240,AXISBANK,EQ,2018-05-03,523.75,522.0,538.8,522.0,533.1,533.4,532.25,12001916,6388016683.65,121909,4006823,33.38,1.8424821002386516,Positive
241,AXISBANK,EQ,2018-05-04,533.4,533.9,533.9,519.05,522.25,520.3,524.42,5929870,3109742181.25,57867,1816191,30.63,-2.4559430071241173,Negative
242,AXISBANK,EQ,2018-05-07,520.3,523.75,537.9,523.0,536.1,536.1,531.8,6792091,3612042958.15,88312,2845627,41.9,3.036709590620812,Among top gainers
243,AXISBANK,EQ,2018-05-08,536.1,536.65,547.5,533.45,543.1,542.25,541.69,12028184,6515564184.0,149489,6965165,57.91,1.1471740346950199,Positive
244,AXISBANK,EQ,2018-05-09,542.25,543.1,549.65,537.05,548.5,548.5,546.13,7556830,4126996171.45,76571,3617869,47.88,1.152604887044717,Positive
245,AXISBANK,EQ,2018-05-10,548.5,548.5,554.0,542.95,546.05,547.65,548.17,11415139,6257459203.55,82471,6351740,55.64,-0.15496809480401996,Slight or No change
246,AXISBANK,EQ,2018-05-11,547.65,548.6,556.5,545.5,556.0,553.3,549.78,4960854,2727391379.6,73337,2353813,47.45,1.0316808180407255,Positive
247,AXISBANK,EQ,2018-05-14,553.3,551.2,558.9,547.55,551.1,551.9,552.28,4999526,2761121573.2,51388,2265523,45.31,-0.2530272908006448,Slight or No change
248,AXISBANK,EQ,2018-05-15,551.9,548.0,563.5,547.35,549.1,549.7,554.22,6752759,3742534996.95,84541,2614950,38.72,-0.3986229389381979,Slight or No change
249,AXISBANK,EQ,2018-05-16,549.7,545.0,552.75,541.05,549.0,550.0,546.56,9929095,5426822287.35,66724,5575224,56.15,0.05457522284881833,Slight or No change
250,AXISBANK,EQ,2018-05-17,550.0,550.0,553.0,536.5,537.25,539.45,545.52,8551787,4665205167.15,81469,5236859,61.24,-1.9181818181818078,Negative
251,AXISBANK,EQ,2018-05-18,539.45,536.8,540.7,528.5,535.0,532.9,534.93,7343619,3928337002.25,81655,3948741,53.77,-1.2141996477894268,Negative
252,AXISBANK,EQ,2018-05-21,532.9,535.0,537.8,521.85,528.0,526.85,527.01,4258800,2244445550.9,53676,1811516,42.54,-1.1352974291611861,Negative
253,AXISBANK,EQ,2018-05-22,526.85,528.4,533.5,520.65,522.8,523.3,527.76,4711540,2486575643.25,82226,2159460,45.83,-0.6738160766821766,Slight negative
254,AXISBANK,EQ,2018-05-23,523.3,522.0,528.2,519.4,519.8,520.25,522.91,4426060,2314436537.2,62173,1810352,40.9,-0.5828396713166373,Slight negative
255,AXISBANK,EQ,2018-05-24,520.25,521.7,537.0,521.1,535.45,534.45,527.79,5188026,2738210393.55,48808,2301197,44.36,2.7294569918308698,Positive
256,AXISBANK,EQ,2018-05-25,534.45,535.6,543.5,532.5,541.2,538.5,536.4,4588810,2461447505.35,111843,1950858,42.51,0.7577883805781616,Slight positive
257,AXISBANK,EQ,2018-05-28,538.5,541.7,548.0,540.95,547.0,546.15,544.83,5611936,3057562072.95,59866,3460966,61.67,1.4206128133704699,Positive
258,AXISBANK,EQ,2018-05-29,546.15,547.0,549.9,543.2,547.0,547.75,547.22,8015443,4386213770.15,82379,5156937,64.34,0.2929598095761321,Slight or No change
259,AXISBANK,EQ,2018-05-30,547.75,543.75,544.7,535.05,540.85,541.65,541.28,5919369,3204058786.25,63313,2712021,45.82,-1.1136467366499314,Negative
260,AXISBANK,EQ,2018-05-31,541.65,543.0,551.8,532.25,544.1,545.9,542.29,15652651,8488234972.55,147783,9377565,59.91,0.7846395273700679,Slight positive
261,AXISBANK,EQ,2018-06-01,545.9,543.0,544.3,532.85,538.55,536.65,538.51,4061137,2186959230.35,48366,1738262,42.8,-1.6944495328814813,Negative
262,AXISBANK,EQ,2018-06-04,536.65,539.55,541.95,531.25,537.55,537.05,535.59,4291186,2298324929.0,77376,1975223,46.03,0.07453647628807847,Slight or No change
263,AXISBANK,EQ,2018-06-05,537.05,534.65,536.0,524.25,530.65,530.9,531.53,5088506,2704716235.85,74141,2516518,49.45,-1.1451447723675567,Negative
264,AXISBANK,EQ,2018-06-06,530.9,530.0,533.8,526.6,532.0,531.4,531.34,5281259,2806168847.2,62433,3119912,59.08,0.09417969485778777,Slight or No change
265,AXISBANK,EQ,2018-06-07,531.4,533.8,550.0,532.15,542.75,542.4,544.38,6932191,3773734239.2,78717,2579837,37.22,2.0700037636432134,Positive
266,AXISBANK,EQ,2018-06-08,542.4,541.05,541.9,535.45,536.7,537.4,538.77,4627913,2493366097.85,47928,2629652,56.82,-0.9218289085545672,Slight negative
267,AXISBANK,EQ,2018-06-11,537.4,539.8,542.6,530.35,542.35,539.95,537.64,4095873,2202115545.7,69371,1465884,35.79,0.47450688500187965,Slight or No change
268,AXISBANK,EQ,2018-06-12,539.95,543.5,544.5,535.8,537.6,537.15,538.85,3320721,1789379912.05,60765,1816363,54.7,-0.5185665339383361,Slight negative
269,AXISBANK,EQ,2018-06-13,537.15,539.8,551.8,536.85,540.5,540.65,546.43,5924906,3237545331.0,84829,2515822,42.46,0.6515870799590484,Slight positive
270,AXISBANK,EQ,2018-06-14,540.65,539.8,539.8,531.0,531.7,532.0,533.59,3736633,1993812603.6,50195,1437784,38.48,-1.5999260149819672,Negative
271,AXISBANK,EQ,2018-06-15,532.0,527.8,534.65,516.1,531.2,528.75,525.85,7854953,4130561924.2,115212,3939759,50.16,-0.6109022556391008,Slight negative
272,AXISBANK,EQ,2018-06-18,528.75,530.25,531.0,521.45,522.5,522.55,524.44,3711213,1946293726.75,40391,1801355,48.54,-1.1725768321513064,Negative
273,AXISBANK,EQ,2018-06-19,522.55,522.15,524.4,514.4,517.4,517.2,517.92,6483110,3357730760.6,132111,3636109,56.09,-1.0238254712467532,Negative
274,AXISBANK,EQ,2018-06-20,517.2,520.75,527.4,517.15,519.05,519.1,522.73,4555002,2381022141.15,69421,1883842,41.36,0.36736272235111667,Slight or No change
275,AXISBANK,EQ,2018-06-21,519.1,521.25,522.0,511.1,512.75,513.05,515.37,4856050,2502675105.6,88478,1808036,37.23,-1.1654787131573974,Negative
276,AXISBANK,EQ,2018-06-22,513.05,513.0,527.8,510.55,524.8,525.65,519.25,5932446,3080432382.65,95555,2379685,40.11,2.4559009843095225,Positive
277,AXISBANK,EQ,2018-06-25,525.65,520.35,523.35,513.1,516.8,515.2,518.7,4882240,2532417684.95,63755,2611403,53.49,-1.988014838771035,Negative
278,AXISBANK,EQ,2018-06-26,515.2,516.5,518.7,512.05,512.85,514.2,515.14,4505122,2320783474.4,68051,2401783,53.31,-0.19409937888198447,Slight or No change
279,AXISBANK,EQ,2018-06-27,514.2,516.0,516.0,501.6,508.05,507.85,507.79,5659070,2873623135.25,82921,2801100,49.5,-1.2349280435628218,Negative
280,AXISBANK,EQ,2018-06-28,507.85,508.0,513.5,500.8,502.65,504.6,508.83,4854274,2469995935.2,57794,1737094,35.78,-0.6399527419513662,Slight negative
281,AXISBANK,EQ,2018-06-29,504.6,505.8,514.5,498.75,508.15,510.8,505.83,7747444,3918867362.95,72816,3781404,48.81,1.2286959968291766,Positive
282,AXISBANK,EQ,2018-07-02,510.8,510.75,513.8,503.0,511.2,512.25,508.2,6799910,3455735454.15,70535,3327084,48.93,0.2838684416601289,Slight or No change
283,AXISBANK,EQ,2018-07-03,512.25,512.9,519.9,509.25,512.0,511.55,515.67,6658467,3433544946.5,81007,2763239,41.5,-0.13665202537822552,Slight or No change
284,AXISBANK,EQ,2018-07-04,511.55,511.95,516.25,507.65,515.05,514.75,512.2,3893493,1994243263.45,42527,1354858,34.8,0.6255497996285886,Slight positive
285,AXISBANK,EQ,2018-07-05,514.75,514.0,517.85,509.0,511.8,511.0,511.87,2692462,1378183893.8,32112,883641,32.82,-0.7285089849441428,Slight negative
286,AXISBANK,EQ,2018-07-06,511.0,513.0,516.9,509.5,511.9,513.7,514.28,2706424,1391851521.2,56746,1209799,44.7,0.528375733855202,Slight positive
287,AXISBANK,EQ,2018-07-09,513.7,515.1,529.3,515.1,523.85,525.25,525.5,6295104,3308102238.35,103745,2444443,38.83,2.24839400428265,Positive
288,AXISBANK,EQ,2018-07-10,525.25,527.95,534.9,522.0,531.95,532.55,531.42,5281760,2806827862.1,95931,2283479,43.23,1.3898143741075675,Positive
289,AXISBANK,EQ,2018-07-11,532.55,532.4,542.35,530.8,537.4,536.55,537.4,6432494,3456792475.05,117103,2389529,37.15,0.7511031827997394,Slight positive
290,AXISBANK,EQ,2018-07-12,536.55,539.7,545.7,535.3,536.3,538.35,541.49,4128221,2235373254.45,77889,1358752,32.91,0.33547665641600055,Slight or No change
291,AXISBANK,EQ,2018-07-13,538.35,539.7,541.0,519.45,523.5,523.0,526.39,4169212,2194638520.65,68544,1504952,36.1,-2.8513049131605905,Negative
292,AXISBANK,EQ,2018-07-16,523.0,523.0,529.9,518.35,519.0,522.1,523.53,5032325,2634568771.0,56084,2727652,54.2,-0.17208413001911227,Slight or No change
293,AXISBANK,EQ,2018-07-17,522.1,521.7,539.85,519.0,537.8,537.9,530.15,4511522,2391775517.95,56601,1940406,43.01,3.026240183872808,Among top gainers
294,AXISBANK,EQ,2018-07-18,537.9,541.2,542.4,515.0,527.1,526.55,528.75,4954888,2619902402.35,63418,1601070,32.31,-2.110057631530027,Negative
295,AXISBANK,EQ,2018-07-19,526.55,528.05,537.4,518.4,526.55,526.8,530.16,5276418,2797350087.45,69699,2317158,43.92,0.047478871901995845,Slight or No change
296,AXISBANK,EQ,2018-07-20,526.8,526.8,536.45,525.0,533.7,533.7,532.22,2532288,1347725707.85,27820,955802,37.74,1.309794988610502,Positive
297,AXISBANK,EQ,2018-07-23,533.7,534.9,544.8,530.55,539.5,540.35,538.66,6009401,3237009714.85,79822,3280474,54.59,1.2460183623758558,Positive
298,AXISBANK,EQ,2018-07-24,540.35,541.05,548.9,538.05,548.05,546.1,543.38,6171893,3353662448.2,94544,2677386,43.38,1.0641251040991895,Positive
299,AXISBANK,EQ,2018-07-25,546.1,547.0,547.5,529.5,531.95,532.25,540.05,3341114,1804354396.7,84220,1397899,41.84,-2.5361655374473546,Negative
300,AXISBANK,EQ,2018-07-26,532.25,535.4,544.0,526.4,543.7,541.65,536.68,7920089,4250584829.75,94666,3418814,43.17,1.7660873649600672,Positive
301,AXISBANK,EQ,2018-07-27,541.65,543.2,555.0,537.25,551.35,553.25,550.73,7678597,4228870792.15,76677,3358128,43.73,2.1416043570571475,Positive
302,AXISBANK,EQ,2018-07-30,553.25,556.05,571.2,550.8,569.0,569.65,563.41,12949737,7295951105.3,143343,5308768,41.0,2.9643018526886555,Positive
303,AXISBANK,EQ,2018-07-31,569.65,582.0,584.45,548.0,548.2,550.4,564.27,21735293,12264664315.4,225410,6830057,31.42,-3.3792679715614837,Among top losers
304,AXISBANK,EQ,2018-08-01,550.4,550.5,555.5,538.25,542.3,545.15,544.52,6871812,3741839672.95,102770,1998623,29.08,-0.9538517441860517,Slight negative
305,AXISBANK,EQ,2018-08-02,545.15,545.25,551.3,539.0,545.0,547.25,545.0,6495837,3540214303.45,102553,2313461,35.61,0.3852150784187991,Slight or No change
306,AXISBANK,EQ,2018-08-03,547.25,546.5,578.55,545.75,575.5,574.75,564.49,15953749,9005780408.3,168418,6102237,38.25,5.025125628140703,Among top gainers
307,AXISBANK,EQ,2018-08-06,574.75,575.2,604.0,575.2,595.9,596.8,593.17,22629303,13423012393.4,219666,7137504,31.54,3.8364506307089874,Among top gainers
308,AXISBANK,EQ,2018-08-07,596.8,597.0,606.9,583.7,591.9,593.05,594.76,16424853,9768827549.2,174096,3659212,22.28,-0.6283512064343189,Slight negative
309,AXISBANK,EQ,2018-08-08,593.05,596.75,598.9,587.0,595.8,596.3,593.53,7138029,4236635938.65,111358,1476965,20.69,0.548014501306815,Slight positive
310,AXISBANK,EQ,2018-08-09,596.3,595.0,624.4,595.0,621.35,621.05,612.97,18227195,11172729779.9,208981,7171461,39.34,4.150595337917151,Among top gainers
311,AXISBANK,EQ,2018-08-10,621.05,621.3,623.9,611.25,616.7,615.5,616.85,16074351,9915449623.6,178129,8844961,55.03,-0.8936478544400495,Slight negative
312,AXISBANK,EQ,2018-08-13,615.5,612.0,616.0,602.6,605.5,604.9,610.0,8445677,5151861190.4,160582,4443360,52.61,-1.722177091795296,Negative
313,AXISBANK,EQ,2018-08-14,604.9,608.6,621.3,608.6,618.45,618.05,617.28,10225641,6312107418.8,181950,4157885,40.66,2.1739130434782483,Positive
314,AXISBANK,EQ,2018-08-16,618.05,614.9,635.0,611.25,625.3,623.45,627.11,18777302,11775510348.4,179185,9275095,49.4,0.873715718793,Slight positive
315,AXISBANK,EQ,2018-08-17,623.45,630.0,632.45,620.3,627.1,627.3,626.58,13411536,8403411446.95,229837,5973971,44.54,0.6175314780655805,Slight positive
316,AXISBANK,EQ,2018-08-20,627.3,630.0,630.6,622.1,625.0,624.4,626.06,6463139,4046339330.45,130432,3106291,48.06,-0.4622987406344592,Slight or No change
317,AXISBANK,EQ,2018-08-21,624.4,625.4,638.25,617.3,636.5,635.75,624.75,15522297,9697573611.1,142838,8727671,56.23,1.8177450352338198,Positive
318,AXISBANK,EQ,2018-08-23,635.75,644.65,644.65,628.55,634.0,631.75,635.8,12699837,8074517888.2,211720,5366345,42.26,-0.6291781360597715,Slight negative
319,AXISBANK,EQ,2018-08-24,631.75,638.05,643.4,634.0,638.5,639.9,638.46,15035968,9599936308.65,144038,6825918,45.4,1.2900672734467822,Positive
320,AXISBANK,EQ,2018-08-27,639.9,643.0,651.5,642.0,648.0,650.2,648.48,9819034,6367452024.05,161801,4140656,42.17,1.6096265041412927,Positive
321,AXISBANK,EQ,2018-08-28,650.2,652.0,662.8,642.0,659.35,660.05,652.68,9886447,6452664230.8,145178,4427072,44.78,1.5149184866194876,Positive
322,AXISBANK,EQ,2018-08-29,660.05,657.5,667.65,653.25,655.5,656.9,662.77,13329261,8834260471.6,158932,5634023,42.27,-0.47723657298689437,Slight or No change
323,AXISBANK,EQ,2018-08-30,656.9,661.85,661.85,643.05,649.55,649.75,649.69,14868623,9659951718.85,142466,7511061,50.52,-1.0884457299436767,Negative
324,AXISBANK,EQ,2018-08-31,649.75,649.5,653.5,641.25,649.3,649.25,648.14,10207700,6616008894.45,179155,5409092,52.99,-0.07695267410542384,Slight or No change
325,AXISBANK,EQ,2018-09-03,649.25,655.45,655.45,629.6,630.7,631.8,638.73,6494484,4148247645.2,88364,2447629,37.69,-2.687716596072398,Negative
326,AXISBANK,EQ,2018-09-04,631.8,631.0,644.4,622.75,642.75,641.8,634.62,9305124,5905251786.15,109084,2023411,21.75,1.5827793605571294,Positive
327,AXISBANK,EQ,2018-09-05,641.8,641.0,646.65,631.35,637.0,637.65,638.44,8837398,5642182256.7,113081,4041669,45.73,-0.6466188843876508,Slight negative
328,AXISBANK,EQ,2018-09-06,637.65,638.9,643.3,624.6,637.5,638.2,632.73,10026621,6344121074.15,122891,3960442,39.5,0.08625421469459216,Slight or No change
329,AXISBANK,EQ,2018-09-07,638.2,640.0,648.0,632.1,645.0,645.55,642.12,6999943,4494771247.8,96566,2466316,35.23,1.1516765904105108,Positive
330,AXISBANK,EQ,2018-09-10,645.55,644.95,677.95,643.3,651.5,651.75,661.46,32430222,21451226217.35,282777,10335660,31.87,0.9604213461389621,Slight positive
331,AXISBANK,EQ,2018-09-11,651.75,651.65,665.7,647.45,650.5,650.15,656.54,19162102,12580626860.65,213643,5744031,29.98,-0.2454929037207565,Slight or No change
332,AXISBANK,EQ,2018-09-12,650.15,665.0,665.0,630.1,636.0,635.45,639.03,14448365,9232916530.45,176846,3690583,25.54,-2.2610166884564964,Negative
333,AXISBANK,EQ,2018-09-14,635.45,641.8,644.0,632.0,636.65,636.4,636.08,12083354,7685955912.25,232793,5527338,45.74,0.14950035407976792,Slight or No change
334,AXISBANK,EQ,2018-09-17,636.4,633.7,634.0,622.0,624.6,625.95,626.26,6644742,4161308314.4,124798,2699710,40.63,-1.6420490257699427,Negative
335,AXISBANK,EQ,2018-09-18,625.95,624.0,633.05,606.15,609.0,608.6,618.96,10724450,6638023758.8,172753,4960729,46.26,-2.7717868839364224,Negative
336,AXISBANK,EQ,2018-09-19,608.6,611.6,622.5,601.3,610.35,608.8,611.23,9373364,5729271244.8,158522,2479458,26.45,0.032862306933933993,Slight or No change
337,AXISBANK,EQ,2018-09-21,608.8,618.95,634.0,563.4,592.95,599.2,614.65,24788799,15236477668.7,267115,9949476,40.14,-1.576872536136642,Negative
338,AXISBANK,EQ,2018-09-24,599.2,599.6,605.75,587.85,596.4,597.35,597.84,11998797,7173334129.8,158165,5262464,43.86,-0.30874499332443905,Slight or No change
339,AXISBANK,EQ,2018-09-25,597.35,598.8,619.8,589.55,614.0,614.35,608.83,17515392,10663921715.5,191490,6956437,39.72,2.8459027370888013,Positive
340,AXISBANK,EQ,2018-09-26,614.35,619.0,624.35,612.05,617.65,617.45,618.75,8725133,5398700372.7,107346,3230211,37.02,0.5045983559859968,Slight positive
341,AXISBANK,EQ,2018-09-27,617.45,617.35,619.75,597.0,601.0,600.15,605.57,9683836,5864256312.5,120763,4328745,44.7,-2.801846303344413,Negative
342,AXISBANK,EQ,2018-09-28,600.15,598.5,619.8,594.05,616.4,613.25,606.15,16754620,10155864567.5,164850,9152307,54.63,2.1827876364242327,Positive
343,AXISBANK,EQ,2018-10-01,613.25,615.1,617.5,572.5,592.75,593.45,591.59,20117451,11901347717.45,193226,9656902,48.0,-3.2286995515695027,Among top losers
344,AXISBANK,EQ,2018-10-03,593.45,592.6,592.6,569.1,571.95,572.25,581.49,18385327,10690827433.15,237229,10526079,57.25,-3.572331283174668,Among top losers
345,AXISBANK,EQ,2018-10-04,572.25,565.0,590.55,553.8,583.85,586.25,575.76,16877024,9717065465.45,185951,7062890,41.85,2.4464831804281273,Positive
346,AXISBANK,EQ,2018-10-05,586.25,586.0,590.5,565.0,570.65,568.5,578.58,9860010,5704816490.15,123568,2496918,25.32,-3.027718550106606,Among top losers
347,AXISBANK,EQ,2018-10-08,568.5,570.0,574.5,546.1,556.25,556.55,560.66,12918017,7242602080.95,169358,5666384,43.86,-2.1020228671943753,Negative
348,AXISBANK,EQ,2018-10-09,556.55,561.9,563.9,549.15,549.8,552.85,557.39,8053297,4488816245.15,137447,3194914,39.67,-0.6648099901176763,Slight negative
349,AXISBANK,EQ,2018-10-10,552.85,553.95,590.8,552.85,588.8,589.2,577.22,13695001,7905044070.45,168965,6167632,45.04,6.575020349100114,Among top gainers
350,AXISBANK,EQ,2018-10-11,589.2,555.0,585.8,550.1,582.3,580.85,573.67,11223315,6438444202.85,173903,4088255,36.43,-1.4171758316361194,Negative
351,AXISBANK,EQ,2018-10-12,580.85,589.65,602.25,580.75,584.05,584.9,589.39,10689006,6299981749.8,151254,4142010,38.75,0.6972540242747627,Slight positive
352,AXISBANK,EQ,2018-10-15,584.9,585.0,585.0,569.45,577.0,576.55,574.62,5065325,2910644652.7,92284,1529809,30.2,-1.4275944605915636,Negative
353,AXISBANK,EQ,2018-10-16,576.55,577.75,594.35,570.25,587.0,588.85,587.15,13083651,7682027527.5,178892,6594929,50.41,2.1333795854652893,Positive
354,AXISBANK,EQ,2018-10-17,588.85,594.75,598.8,566.6,576.0,576.05,578.18,9609195,5555888341.8,160853,4056881,42.22,-2.173728453765822,Negative
355,AXISBANK,EQ,2018-10-19,576.05,570.4,576.55,554.55,562.55,562.55,566.43,12664549,7173556641.5,243390,7289475,57.56,-2.343546567138266,Negative
356,AXISBANK,EQ,2018-10-22,562.55,567.95,572.0,558.2,562.0,562.05,565.21,10235243,5785062081.65,150141,4582570,44.77,-0.08888098835658775,Slight or No change
357,AXISBANK,EQ,2018-10-23,562.05,557.0,571.4,553.5,566.3,562.75,562.48,9513054,5350868037.85,150834,5018676,52.76,0.12454407970821091,Slight or No change
358,AXISBANK,EQ,2018-10-24,562.75,574.5,576.95,557.25,565.4,564.1,565.98,9759225,5523551212.7,134277,4697963,48.14,0.23989338071968014,Slight or No change
359,AXISBANK,EQ,2018-10-25,564.1,558.0,564.7,552.45,561.2,561.05,558.62,13041860,7285406738.1,148250,8047861,61.71,-0.5406842758376329,Slight negative
360,AXISBANK,EQ,2018-10-26,561.05,562.0,564.0,534.55,535.75,537.7,546.83,9229395,5046929199.2,127572,4529652,49.08,-4.161839408252366,Among top losers
361,AXISBANK,EQ,2018-10-29,537.7,541.35,577.0,538.55,565.0,566.7,564.71,15917739,8988950349.35,202688,5883388,36.96,5.393342012274505,Among top gainers
362,AXISBANK,EQ,2018-10-30,566.7,564.85,571.75,559.0,564.4,562.7,564.56,8522604,4811497766.35,121646,3216793,37.74,-0.7058408328921795,Slight negative
363,AXISBANK,EQ,2018-10-31,562.7,568.3,586.0,558.0,579.5,582.4,572.03,12135088,6941596403.9,143698,4916300,40.51,3.500977430247021,Among top gainers
364,AXISBANK,EQ,2018-11-01,582.4,582.05,608.05,582.05,607.2,602.15,595.52,16048865,9557406152.8,170996,6559330,40.87,3.3911401098901006,Among top gainers
365,AXISBANK,EQ,2018-11-02,602.15,612.45,617.9,605.1,617.3,610.65,611.89,12488669,7641641686.05,170812,4308163,34.5,1.4116084032217868,Positive
366,AXISBANK,EQ,2018-11-05,610.65,628.9,633.0,617.2,623.1,624.4,625.36,24201213,15134573441.5,321522,7264347,30.02,2.251699009252439,Positive
367,AXISBANK,EQ,2018-11-06,624.4,626.0,628.1,600.05,608.1,607.45,610.73,15354794,9377663627.65,217745,4739000,30.86,-2.7146060217808965,Negative
368,AXISBANK,EQ,2018-11-07,607.45,612.9,612.9,604.65,605.0,606.85,608.41,1528117,929722800.05,23863,368965,24.15,-0.0987735616100105,Slight or No change
369,AXISBANK,EQ,2018-11-09,606.85,609.0,623.8,601.0,611.7,613.2,614.49,13927467,8558347857.95,214607,4719349,33.89,1.0463870808272269,Positive
370,AXISBANK,EQ,2018-11-12,613.2,612.55,618.5,604.8,608.0,606.55,611.76,7073703,4327425546.5,118128,2225846,31.47,-1.0844748858447661,Negative
371,AXISBANK,EQ,2018-11-13,606.55,606.45,620.75,604.05,619.0,618.3,613.53,8938939,5484311702.9,140407,3585396,40.11,1.9371857225290556,Positive
372,AXISBANK,EQ,2018-11-14,618.3,622.25,623.3,608.8,610.6,612.7,614.16,9840254,6043457421.2,133448,4300194,43.7,-0.9057092026524161,Slight negative
373,AXISBANK,EQ,2018-11-15,612.7,613.25,632.5,610.75,623.95,626.1,623.5,11005288,6861788982.6,153818,3706722,33.68,2.1870409662151147,Positive
374,AXISBANK,EQ,2018-11-16,626.1,626.6,636.7,616.55,617.55,619.8,625.18,12204545,7629997832.75,167718,4531544,37.13,-1.0062290368950788,Negative
375,AXISBANK,EQ,2018-11-19,619.8,619.8,620.3,608.6,617.6,616.3,613.33,9046876,5548693657.1,112115,3713578,41.05,-0.564698289770893,Slight negative
376,AXISBANK,EQ,2018-11-20,616.3,614.7,619.6,609.55,609.95,612.65,614.03,6658508,4088506964.15,71945,2902630,43.59,-0.5922440369949711,Slight negative
377,AXISBANK,EQ,2018-11-21,612.65,610.9,628.65,610.2,625.75,626.85,621.53,7842430,4874268991.5,137450,2136888,27.25,2.3177997225169333,Positive
378,AXISBANK,EQ,2018-11-22,626.85,625.8,629.4,612.1,614.6,614.55,620.68,6946666,4311641631.95,151160,2669276,38.43,-1.9621919119406694,Negative
379,AXISBANK,EQ,2018-11-26,614.55,618.65,634.75,616.5,632.35,631.05,624.82,9528169,5953392195.85,119357,3817167,40.06,2.6848913839394584,Positive
380,AXISBANK,EQ,2018-11-27,631.05,629.9,638.7,623.0,624.0,625.25,629.49,11251342,7082572933.55,129919,4151117,36.89,-0.9191030821646407,Slight negative
381,AXISBANK,EQ,2018-11-28,625.25,630.0,631.8,622.5,626.6,627.95,627.69,9035388,5671447239.65,127060,4268446,47.24,0.43182726909236635,Slight or No change
382,AXISBANK,EQ,2018-11-29,627.95,632.0,636.2,621.5,629.5,631.4,630.54,19643832,12386127145.1,134057,11241459,57.23,0.5494067999044505,Slight positive
383,AXISBANK,EQ,2018-11-30,631.4,633.0,635.25,624.0,624.45,625.75,627.45,8984998,5637624533.15,103581,5443079,60.58,-0.8948368704466247,Slight negative
384,AXISBANK,EQ,2018-12-03,625.75,632.0,633.0,621.6,625.0,624.8,625.49,5914250,3699308298.35,79187,3061724,51.77,-0.15181781861766108,Slight or No change
385,AXISBANK,EQ,2018-12-04,624.8,624.95,627.55,618.6,623.8,623.25,621.49,8382005,5209304970.45,76682,5103926,60.89,-0.24807938540332142,Slight or No change
386,AXISBANK,EQ,2018-12-05,623.25,620.9,623.95,613.4,614.9,614.95,618.57,9728083,6017456517.45,101498,5878113,60.42,-1.3317288407541095,Negative
387,AXISBANK,EQ,2018-12-06,614.95,610.25,613.85,598.25,598.95,600.05,606.31,7519849,4559387205.6,123704,3472233,46.17,-2.4229612163590653,Negative
388,AXISBANK,EQ,2018-12-07,600.05,602.4,609.5,592.35,604.5,603.95,601.99,12262327,7381747100.85,153706,5785798,47.18,0.6499458378468548,Slight positive
389,AXISBANK,EQ,2018-12-10,603.95,595.0,601.5,585.3,590.55,590.3,593.22,11643401,6907079048.75,109164,7321589,62.88,-2.2601208709330356,Negative
390,AXISBANK,EQ,2018-12-11,590.3,581.0,616.65,580.5,603.9,604.25,600.21,16429956,9861356118.45,198852,9158903,55.75,2.363205149923786,Positive
391,AXISBANK,EQ,2018-12-12,604.25,604.75,622.0,603.0,622.0,619.95,612.52,7232578,4430070605.2,105740,3186085,44.05,2.5982623086470813,Positive
392,AXISBANK,EQ,2018-12-13,619.95,624.8,625.9,616.15,618.9,619.1,620.32,7419355,4602360155.0,71867,4203760,56.66,-0.1371078312767171,Slight or No change
393,AXISBANK,EQ,2018-12-14,619.1,619.1,623.0,611.3,620.3,620.25,616.1,4165047,2566075819.85,81978,1647512,39.56,0.18575351316427735,Slight or No change
394,AXISBANK,EQ,2018-12-17,620.25,622.55,624.5,616.15,616.5,617.15,618.64,4843342,2996295236.35,73481,2652520,54.77,-0.4997984683595358,Slight or No change
395,AXISBANK,EQ,2018-12-18,617.15,617.65,621.8,613.85,618.8,619.4,618.37,8492688,5251635397.5,102617,5640935,66.42,0.3645791136676735,Slight or No change
396,AXISBANK,EQ,2018-12-19,619.4,624.25,651.65,619.15,640.0,641.65,638.19,16759139,10695487241.3,165568,7360460,43.92,3.5921859864384897,Among top gainers
397,AXISBANK,EQ,2018-12-20,641.65,636.95,646.9,629.0,633.3,632.95,635.05,11004125,6988207460.75,130935,4218429,38.33,-1.3558793734902097,Negative
398,AXISBANK,EQ,2018-12-21,632.95,633.3,637.85,616.65,621.65,620.85,626.98,10715457,6718416631.8,117567,5703725,53.23,-1.9116833873133787,Negative
399,AXISBANK,EQ,2018-12-24,620.85,626.0,627.15,613.5,614.2,615.0,620.15,6191605,3839729714.1,87541,2962317,47.84,-0.9422565837158725,Slight negative
400,AXISBANK,EQ,2018-12-26,615.0,611.0,623.65,603.45,618.95,619.5,615.75,6519211,4014215612.7,99749,2002212,30.71,0.7317073170731714,Slight positive
401,AXISBANK,EQ,2018-12-27,619.5,623.55,626.0,615.6,616.4,617.55,620.32,12304812,7632920006.95,127552,7870110,63.96,-0.31476997578693267,Slight or No change
402,AXISBANK,EQ,2018-12-28,617.55,623.9,628.0,620.0,625.8,625.05,624.53,6372911,3980057102.6,69467,3181174,49.92,1.2144765606023844,Positive
403,AXISBANK,EQ,2018-12-31,625.05,630.4,631.95,618.8,619.9,619.9,624.28,6030093,3764458568.95,98328,2678399,44.42,-0.8239340852731702,Slight negative
404,AXISBANK,EQ,2019-01-01,619.9,621.9,630.2,621.9,628.0,627.3,624.79,12179223,7609460130.1,61276,1364047,11.2,1.1937409259557885,Positive
405,AXISBANK,EQ,2019-01-02,627.3,623.0,628.5,617.5,619.45,620.05,623.31,12386281,7720545780.25,170903,7783918,62.84,-1.155746851586159,Negative
406,AXISBANK,EQ,2019-01-03,620.05,621.4,622.0,603.65,609.0,607.95,611.77,13228602,8092834256.45,212633,8198959,61.98,-1.9514555277799994,Negative
407,AXISBANK,EQ,2019-01-04,607.95,612.0,624.75,609.5,620.0,619.6,617.88,8381367,5178678150.75,126230,2980044,35.56,1.916276009540252,Positive
408,AXISBANK,EQ,2019-01-07,619.6,626.0,640.7,624.2,637.4,637.45,635.95,11735286,7463059201.6,151307,4799071,40.89,2.8808908973531278,Positive
409,AXISBANK,EQ,2019-01-08,637.45,636.0,653.75,630.6,652.15,650.9,641.05,11879875,7615619639.7,121549,5248930,44.18,2.109969409365431,Positive
410,AXISBANK,EQ,2019-01-09,650.9,652.35,672.05,652.35,671.2,670.1,663.81,18003387,11950794758.85,226139,7304764,40.57,2.949761868182521,Positive
411,AXISBANK,EQ,2019-01-10,670.1,668.9,668.9,654.6,665.2,663.25,661.18,12751327,8430913484.55,128303,5284830,41.45,-1.022235487240719,Negative
412,AXISBANK,EQ,2019-01-11,663.25,665.0,668.5,658.2,666.0,666.5,663.36,8330315,5526028013.9,112565,3213759,38.58,0.4900113079532531,Slight or No change
413,AXISBANK,EQ,2019-01-14,666.5,663.0,663.0,652.55,658.35,659.2,657.41,6856244,4507335979.65,116097,2490029,36.32,-1.0952738184546118,Negative
414,AXISBANK,EQ,2019-01-15,659.2,661.3,664.25,655.05,660.5,660.6,660.44,5467484,3610956493.65,90847,2058889,37.66,0.21237864077670032,Slight or No change
415,AXISBANK,EQ,2019-01-16,660.6,660.7,670.4,660.7,662.75,664.0,665.96,6598151,4394097680.95,107170,2180381,33.05,0.51468362095064,Slight positive
416,AXISBANK,EQ,2019-01-17,664.0,669.9,680.0,665.6,674.9,676.65,671.64,10448209,7017405683.55,127666,4210912,40.3,1.9051204819277023,Positive
417,AXISBANK,EQ,2019-01-18,676.65,674.9,676.05,661.45,664.25,664.6,667.73,7037386,4699045283.25,145520,2378639,33.8,-1.7808320401980327,Negative
418,AXISBANK,EQ,2019-01-21,664.6,661.55,664.5,656.5,658.85,660.3,661.04,6157956,4070642711.6,117196,3114635,50.58,-0.6470057177249577,Slight negative
419,AXISBANK,EQ,2019-01-22,660.3,656.35,663.6,653.85,659.4,661.6,658.72,7951640,5237905158.05,140331,4280253,53.83,0.1968802059669983,Slight or No change
420,AXISBANK,EQ,2019-01-23,661.6,659.5,667.0,658.6,659.85,661.6,663.91,7596006,5043100578.8,116021,3514776,46.27,0.0,Slight or No change
421,AXISBANK,EQ,2019-01-24,661.6,665.0,665.55,655.0,663.25,663.65,660.2,7013582,4630368102.55,98142,4068641,58.01,0.30985489721886417,Slight or No change
422,AXISBANK,EQ,2019-01-25,663.65,665.2,676.85,665.2,668.25,669.75,671.5,6628922,4451294115.4,138347,2534962,38.24,0.9191591953590095,Slight positive
423,AXISBANK,EQ,2019-01-28,669.75,669.0,674.45,650.35,658.5,656.3,658.0,7792690,5127554137.65,141171,3639856,46.71,-2.008212019410238,Negative
424,AXISBANK,EQ,2019-01-29,656.3,658.5,671.0,649.55,669.35,660.75,657.21,8302420,5456398539.1,139965,3007226,36.22,0.6780435776321925,Slight positive
425,AXISBANK,EQ,2019-01-30,660.75,687.05,703.35,683.75,691.0,690.95,692.68,46912230,32495142522.5,450032,21685605,46.23,4.570563753310641,Among top gainers
426,AXISBANK,EQ,2019-01-31,690.95,697.25,726.85,689.05,720.8,722.7,712.13,35239544,25095269694.65,386855,13997883,39.72,4.595122657211093,Among top gainers
427,AXISBANK,EQ,2019-02-01,722.7,720.75,726.4,705.4,717.3,717.25,717.16,13792059,9891122544.65,208032,6105419,44.27,-0.7541165075411693,Slight negative
428,AXISBANK,EQ,2019-02-04,717.25,711.3,724.5,708.0,721.5,720.5,715.99,8195956,5868240288.65,157232,3781849,46.14,0.45311955385152203,Slight or No change
429,AXISBANK,EQ,2019-02-05,720.5,722.0,731.6,719.5,730.0,729.5,727.26,8665426,6301993950.55,123392,2998629,34.6,1.2491325468424685,Positive
430,AXISBANK,EQ,2019-02-06,729.5,731.3,734.5,715.6,726.1,725.75,726.0,8077340,5864174252.95,123421,2476347,30.66,-0.5140507196710109,Slight negative
431,AXISBANK,EQ,2019-02-07,725.75,726.25,733.8,724.0,730.0,730.15,729.42,7203465,5254385372.9,108863,2376555,32.99,0.6062693765070515,Slight positive
432,AXISBANK,EQ,2019-02-08,730.15,727.0,732.8,716.25,721.15,719.4,722.97,7341956,5307992203.55,143642,2923492,39.82,-1.4723002122851492,Negative
433,AXISBANK,EQ,2019-02-11,719.4,719.9,719.9,705.3,713.3,710.85,711.04,7234953,5144337214.25,139946,3682456,50.9,-1.1884904086738923,Negative
434,AXISBANK,EQ,2019-02-12,710.85,701.0,713.4,700.0,703.45,705.6,706.66,15856819,11205301753.55,200620,6385618,40.27,-0.738552437223039,Slight negative
435,AXISBANK,EQ,2019-02-13,705.6,700.0,707.45,695.05,699.35,697.5,702.75,11399689,8011167259.2,123170,6386260,56.02,-1.1479591836734748,Negative
436,AXISBANK,EQ,2019-02-14,697.5,706.0,706.4,692.6,697.0,695.0,697.73,10383603,7244910836.45,116597,5360642,51.63,-0.35842293906810374,Slight or No change
437,AXISBANK,EQ,2019-02-15,695.0,700.0,704.0,681.7,685.3,686.6,689.75,10866440,7495156929.35,160260,5617790,51.7,-1.20863309352518,Negative
438,AXISBANK,EQ,2019-02-18,686.6,686.0,697.7,680.7,692.4,693.3,689.27,7135564,4918348739.6,151109,2878264,40.34,0.9758228954267256,Slight positive
439,AXISBANK,EQ,2019-02-19,693.3,693.3,705.4,689.65,691.7,693.05,700.08,6816325,4771982897.05,136098,2489188,36.52,-0.03605942593394307,Slight or No change
440,AXISBANK,EQ,2019-02-20,693.05,697.6,703.0,695.3,699.6,700.35,699.96,5772687,4040656199.4,101908,2655455,46.0,1.0533150566337302,Positive
441,AXISBANK,EQ,2019-02-21,700.35,700.5,706.5,695.1,697.0,697.2,699.91,6674353,4671469808.8,128858,3247608,48.66,-0.4497751124437732,Slight or No change
442,AXISBANK,EQ,2019-02-22,697.2,697.45,704.45,691.2,702.0,702.05,699.22,9822278,6867926969.6,132234,5865788,59.72,0.695639701663775,Slight positive
443,AXISBANK,EQ,2019-02-25,702.05,702.9,705.8,696.1,704.5,703.7,700.98,11428024,8010769041.45,171807,7611491,66.6,0.2350259952994982,Slight or No change
444,AXISBANK,EQ,2019-02-26,703.7,694.0,715.6,693.05,709.9,710.15,704.99,9166951,6462629204.85,147809,4609488,50.28,0.9165837714935288,Slight positive
445,AXISBANK,EQ,2019-02-27,710.15,714.95,727.8,713.05,717.0,718.2,720.08,13284424,9565829897.4,217326,5836075,43.93,1.1335633316905014,Positive
446,AXISBANK,EQ,2019-02-28,718.2,723.45,723.45,706.4,709.55,709.55,710.06,26230891,18625530651.2,236844,20151933,76.83,-1.2043998886104301,Negative
447,AXISBANK,EQ,2019-03-01,709.55,713.5,714.95,699.55,702.45,702.4,705.25,7713824,5440212645.85,116741,3785838,49.08,-1.0076809245296303,Negative
448,AXISBANK,EQ,2019-03-05,702.4,705.7,733.9,700.7,733.85,732.05,719.06,11298428,8124261898.4,230184,5375962,47.58,4.22124145785876,Among top gainers
449,AXISBANK,EQ,2019-03-06,732.05,733.9,733.9,712.55,719.2,720.6,721.27,10510670,7580982553.2,188198,4759503,45.28,-1.5641008127860068,Negative
450,AXISBANK,EQ,2019-03-07,720.6,720.75,739.45,720.75,734.25,733.75,730.16,11263734,8224338081.05,188476,4417852,39.22,1.8248681654177146,Positive
451,AXISBANK,EQ,2019-03-08,733.75,732.0,737.25,728.4,732.3,733.4,733.09,7744794,5677654298.0,116121,2994463,38.66,-0.0477001703577562,Slight or No change
452,AXISBANK,EQ,2019-03-11,733.4,733.3,744.9,730.6,736.6,734.5,738.39,9421608,6956807669.05,173686,4058187,43.07,0.14998636487593142,Slight or No change
453,AXISBANK,EQ,2019-03-12,734.5,738.7,749.0,738.55,742.6,742.55,743.7,8131901,6047668123.3,142354,4317539,53.09,1.0959836623553265,Positive
454,AXISBANK,EQ,2019-03-13,742.55,743.6,751.0,736.5,738.25,738.0,742.61,12333789,9159172127.95,154046,5969166,48.4,-0.6127533499427629,Slight negative
455,AXISBANK,EQ,2019-03-14,738.0,740.0,749.7,737.4,741.3,740.6,743.02,7100875,5276074192.35,117682,3053248,43.0,0.3523035230352356,Slight or No change
456,AXISBANK,EQ,2019-03-15,740.6,742.95,748.95,731.7,736.5,735.1,739.7,14560368,10770337681.2,155385,9011499,61.89,-0.7426411018093493,Slight negative
457,AXISBANK,EQ,2019-03-18,735.1,741.0,756.0,740.25,754.4,751.6,748.39,9823043,7351454663.25,125832,2474319,25.19,2.244592572439119,Positive
458,AXISBANK,EQ,2019-03-19,751.6,755.0,763.0,749.05,761.2,760.9,755.0,8818172,6657687790.2,137174,2761653,31.32,1.237360298030854,Positive
459,AXISBANK,EQ,2019-03-20,760.9,760.75,767.0,754.35,754.5,755.75,760.04,9758274,7416645779.45,129227,4690728,48.07,-0.676830069654355,Slight negative
460,AXISBANK,EQ,2019-03-22,755.75,764.7,765.9,735.55,760.5,757.05,761.25,10355078,7882815844.15,157763,3424843,33.07,0.17201455507773744,Slight or No change
461,AXISBANK,EQ,2019-03-25,757.05,752.7,755.0,741.15,745.35,745.7,746.5,7130411,5322863606.55,132196,4197763,58.87,-1.4992404728881747,Negative
462,AXISBANK,EQ,2019-03-26,745.7,747.4,760.95,741.65,760.7,757.1,748.08,7300104,5461029861.55,91613,3490791,47.82,1.5287649188681751,Positive
463,AXISBANK,EQ,2019-03-27,757.1,761.3,770.0,755.85,760.5,759.3,763.68,7456768,5694555717.25,126211,2153100,28.87,0.29058248580107193,Slight or No change
464,AXISBANK,EQ,2019-03-28,759.3,761.1,787.65,757.15,775.8,780.7,775.22,16643818,12902686178.2,175012,10598619,63.68,2.8183853549321958,Positive
465,AXISBANK,EQ,2019-03-29,780.7,777.0,781.35,767.6,775.2,777.25,774.91,9661906,7487120154.75,139573,5328520,55.15,-0.44191110541822454,Slight or No change
466,AXISBANK,EQ,2019-04-01,777.25,780.95,783.0,760.6,762.5,765.6,773.8,6021202,4659182514.7,133059,2504426,41.59,-1.4988742360887763,Negative
467,AXISBANK,EQ,2019-04-02,765.6,769.15,774.95,761.0,769.6,767.4,767.54,6592678,5060127916.75,134601,2621860,39.77,0.23510971786833146,Slight or No change
468,AXISBANK,EQ,2019-04-03,767.4,770.0,772.75,758.7,761.2,761.5,765.37,5591613,4279676453.7,88359,2352445,42.07,-0.768829814959604,Slight negative
469,AXISBANK,EQ,2019-04-04,761.5,763.0,771.9,760.0,762.1,762.15,765.19,7009879,5363913730.85,176090,3084385,44.0,0.0853578463558824,Slight or No change
470,AXISBANK,EQ,2019-04-05,762.15,763.95,768.75,756.1,764.0,762.2,762.23,5343947,4073316210.55,124812,1913964,35.82,0.006560388375009829,Slight or No change
471,AXISBANK,EQ,2019-04-08,762.2,764.3,768.0,748.55,755.0,754.6,755.77,4918795,3717494937.25,109471,1820994,37.02,-0.9971136184728446,Slight negative
472,AXISBANK,EQ,2019-04-09,754.6,755.0,766.0,751.0,765.55,763.4,756.66,5483424,4149089499.05,151206,2689006,49.04,1.1661807580174877,Positive
473,AXISBANK,EQ,2019-04-10,763.4,761.25,767.9,758.0,760.5,760.85,762.81,5933250,4525937365.9,97354,2897970,48.84,-0.3340319622740284,Slight or No change
474,AXISBANK,EQ,2019-04-11,760.85,760.5,761.35,747.0,751.25,752.3,753.92,5365803,4045363079.0,118983,2320339,43.24,-1.1237431819675403,Negative
475,AXISBANK,EQ,2019-04-12,752.3,753.4,766.75,751.6,762.2,764.35,759.61,4671869,3548778411.9,87209,1500857,32.13,1.6017546191678944,Positive
476,AXISBANK,EQ,2019-04-15,764.35,764.0,770.2,760.0,763.2,762.85,765.61,3707106,2838198197.1,56024,1268229,34.21,-0.19624517563943122,Slight or No change
477,AXISBANK,EQ,2019-04-16,762.85,765.1,776.0,765.1,775.0,771.1,771.42,7088601,5468303631.5,143014,3433223,48.43,1.0814708002883977,Positive
478,AXISBANK,EQ,2019-04-18,771.1,778.4,779.0,769.0,770.05,771.2,773.41,6098041,4716255977.55,105977,2296796,37.66,0.012968486577613625,Slight or No change
479,AXISBANK,EQ,2019-04-22,771.2,768.9,768.9,750.55,755.05,755.5,756.86,4185156,3167581907.5,126082,1531017,36.58,-2.0357883817427425,Negative
480,AXISBANK,EQ,2019-04-23,755.5,757.45,759.3,749.0,753.1,753.25,754.35,5098170,3845787603.75,120551,1790023,35.11,-0.297816015883523,Slight or No change
481,AXISBANK,EQ,2019-04-24,753.25,754.7,755.7,738.35,750.9,752.85,747.73,7825049,5850993024.45,122901,3424580,43.76,-0.05310321938267748,Slight or No change
482,AXISBANK,EQ,2019-04-25,752.85,754.0,758.55,738.55,741.3,740.9,747.98,10282068,7690814958.5,134676,4787136,46.56,-1.5873015873015928,Negative
483,AXISBANK,EQ,2019-04-26,740.9,762.0,765.15,747.25,757.4,759.9,756.85,23294204,17630317108.15,237793,8979081,38.55,2.564448643541639,Positive
484,AXISBANK,EQ,2019-04-30,759.9,759.95,769.7,755.8,765.0,766.85,764.69,12434805,9508770904.25,163833,6203595,49.89,0.9145940255296914,Slight positive
485,AXISBANK,EQ,2019-05-02,766.85,765.4,767.8,748.05,751.95,752.35,759.27,7033021,5339931628.35,118878,3653935,51.95,-1.8908521875203754,Negative
486,AXISBANK,EQ,2019-05-03,752.35,754.15,763.8,753.45,754.9,757.3,758.82,5970814,4530760324.75,139633,2636170,44.15,0.6579384594935789,Slight positive
487,AXISBANK,EQ,2019-05-06,757.3,746.0,753.4,744.1,748.0,747.45,748.59,5909936,4424131033.5,110405,3340102,56.52,-1.3006734451340152,Negative
488,AXISBANK,EQ,2019-05-07,747.45,751.85,755.5,740.0,744.85,741.85,748.48,5071941,3796225620.5,141094,2404026,47.4,-0.749213994247111,Slight negative
489,AXISBANK,EQ,2019-05-08,741.85,741.9,744.75,733.35,735.1,735.5,737.58,6739894,4971211170.4,118950,3373685,50.06,-0.8559681876390113,Slight negative
490,AXISBANK,EQ,2019-05-09,735.5,733.9,740.5,729.4,732.35,731.0,734.6,4193451,3080496796.45,75621,1409191,33.6,-0.611828687967364,Slight negative
491,AXISBANK,EQ,2019-05-10,731.0,734.4,738.5,729.5,732.55,735.05,735.71,3913815,2879427747.3,114875,1569735,40.11,0.5540355677154496,Slight positive
492,AXISBANK,EQ,2019-05-13,735.05,734.0,742.85,730.0,732.0,732.1,736.74,5891071,4340174009.2,142075,2615724,44.4,-0.4013332426365479,Slight or No change
